grade,substandard_description,substandard_id
3,Write a multiplication equation that represents an equal sets of objects.,CCSS.MATH.CONTENT.3.OA.A.1+1
3,Write a multiplication equation that represents an array.,CCSS.MATH.CONTENT.3.OA.A.1+3
3,Represent a product of whole numbers as repeated addition.,CCSS.MATH.CONTENT.3.OA.A.1+2
3,Solve multiplication facts.,CCSS.MATH.CONTENT.3.OA.A.1+5
3,Solve real-world multiplication problems.,CCSS.MATH.CONTENT.3.OA.A.1+4
3,Relate division to equal groups.,CCSS.MATH.CONTENT.3.OA.A.1+6
3,"Understand division as the process of sharing or grouping by solving division problems using counters, drawings, or arrays.",CCSS.MATH.CONTENT.3.OA.A.2+1
3,Write a division equation that represents an equal sets of objects.,CCSS.MATH.CONTENT.3.OA.A.2+3
3,Write a division equation that represents an array.,CCSS.MATH.CONTENT.3.OA.A.2+2
3,Write a multiplication or division equation to represent an array.,CCSS.MATH.CONTENT.3.OA.A.2+4
3,Understand division as an unknown-factor problem using arrays.,CCSS.MATH.CONTENT.3.OA.B.6+1
3,"Solve for the missing number in a multiplication context (e.g., ""2 groups of ____ equal 4, or ___ x 5 = 15"").",CCSS.MATH.CONTENT.3.OA.B.6+5
3,Find a missing factor for a multiplication fact.,CCSS.MATH.CONTENT.3.OA.B.6+2
3,Relate multiplication and division facts.,CCSS.MATH.CONTENT.3.OA.B.6+4
3,Solve division facts.,CCSS.MATH.CONTENT.3.OA.B.6+3
3,Solve real-world division problems.,CCSS.MATH.CONTENT.3.OA.A.2+5
3,Identify the properties of multiplication.,CCSS.MATH.CONTENT.3.OA.B.5+4
3,Solve word problems involving two step multiplication.,CCSS.MATH.CONTENT.3.OA.A.3+2
3,Apply the commutative property of multiplication as a strategy to multiply whole numbers.,CCSS.MATH.CONTENT.3.OA.B.5+1
3,Apply the associative property of multiplication as a strategy to multiply whole numbers.,CCSS.MATH.CONTENT.3.OA.B.5+2
3,Apply the distributive property as a strategy to multiply and divide whole numbers.,CCSS.MATH.CONTENT.3.OA.B.5+3
3,Use place value understanding and operation properties to multiply single-digit numbers by 10 through 90 in multiples of 10.,CCSS.MATH.CONTENT.3.NBT.A.3+1
3,Solve word problems involving two step division.,CCSS.MATH.CONTENT.3.OA.A.3+3
3,Use multiplication and division within 100 to solve word problems.,CCSS.MATH.CONTENT.3.OA.A.3+1
3,Solve two-step word problems involving multiplication and division.,CCSS.MATH.CONTENT.3.OA.D.8+5
3,"Represent one-step word problems using equations with a letter standing for the unknown number. ",CCSS.MATH.CONTENT.3.OA.D.8+7
3,"Represent two-step word problems using equations with a letter standing for the unknown number. ",CCSS.MATH.CONTENT.3.OA.D.8+1
3,Solve two-step word problems involving any combination of the four operations.,CCSS.MATH.CONTENT.3.OA.D.8+2
3,"Judge whether a given estimate in a two-step word problem (addition, subtraction, multiplication, or division) is reasonable, too high, or too low with reasoning.",CCSS.MATH.CONTENT.3.OA.D.8+6
3,"Given a rule, create numbers in a multiplication pattern.",CCSS.MATH.CONTENT.3.OA.D.9+1
3,"Given a rule, create numbers in a division pattern.",CCSS.MATH.CONTENT.3.OA.D.9+6
3,Identify the rule for an addition or subtraction pattern.,CCSS.MATH.CONTENT.3.OA.D.9+3
3,Identify the rule for a multiplication pattern.,CCSS.MATH.CONTENT.3.OA.D.9+7
3,Identify the rule for a division pattern.,CCSS.MATH.CONTENT.3.OA.D.9+8
3,Find missing terms in a pattern.,CCSS.MATH.CONTENT.3.OA.D.9+4
3,Identify whether a number(s) is/are even or odd.,CCSS.MATH.CONTENT.3.OA.D.9+5
3,Explain patterns in an arithmetic pattern.,CCSS.MATH.CONTENT.3.OA.D.9+9
3,Round to the nearest 10 or 100 using the number line.,CCSS.MATH.CONTENT.3.NBT.A.1+1
3,Round to the nearest 10 or 100.,CCSS.MATH.CONTENT.3.NBT.A.1+2
3,Select fractions equivalent to whole numbers,CCSS.MATH.CONTENT.3.NF.A.3.C+3
3,"Estimate sums and differences of whole numbers (≤ 1,000) by rounding each addend or subtrahend to the nearest ten or hundred.",CCSS.MATH.CONTENT.3.NBT.A.1+3
3,Add within 1000 using models.,CCSS.MATH.CONTENT.3.NBT.A.2+4
3,Fluently add within 1000 using strategies and algorithms based on place value and properties of operations.,CCSS.MATH.CONTENT.3.NBT.A.2+1
3,Fluently subtract within 1000 using strategies and algorithms based on place value and properties of operations.,CCSS.MATH.CONTENT.3.NBT.A.2+2
3,Solve word problems with addition and subtraction,CCSS.MATH.CONTENT.3.NBT.A.2+3
3,Fluently multiply within 100.,CCSS.MATH.CONTENT.3.OA.C.7+1
3,Understand a fraction 1/b as the quantity formed by 1 part when a whole is partitioned into b equal parts.,CCSS.MATH.CONTENT.3.NF.A.1+1
3,Identify visual models that represent unit fractions (1/n).,CCSS.MATH.CONTENT.3.NF.A.1+2
3,Plot given unit fractions (1/n) on a number line that is partitioned into n equal intervals.,CCSS.MATH.CONTENT.3.NF.A.2.A+1
3,Identify unit fractions on number lines.,CCSS.MATH.CONTENT.3.NF.A.2.A+2
3,Graph unit fractions on number lines.,CCSS.MATH.CONTENT.3.NF.A.2.A+3
3,Represent a fraction a/b with a fraction model.,CCSS.MATH.CONTENT.3.NF.A.2.B+1
3,"Determine the fraction of a whole described in a word problem and select the visual model that correctly represents that fraction (denominators ≤ 12).
",CCSS.MATH.CONTENT.3.NF.A.2.B+3
3,Identify the fraction that represents the length of a highlighted segment on a number line partitioned into equal intervals (denominators ≤ 12).,CCSS.MATH.CONTENT.3.NF.A.2.B+4
3,"Represent a fraction a/b on a number line diagram by marking off a lengths 1/b from 0, recognizinng that the resulting interval has size a/b and that its endpoint locates the number a/b on the number line.",CCSS.MATH.CONTENT.3.NF.A.2.B+2
3,Generate measurement data by measuring lengths using rulers marked with halves and fourths of an inch.,CCSS.MATH.CONTENT.3.MD.B.4+1
3,Find fractions equivalent to whole numbers.,CCSS.MATH.CONTENT.3.NF.A.3.C+4
3,"Understand two fractions as equivalent (equal) if they are the same size, or the same point on a number line.",CCSS.MATH.CONTENT.3.NF.A.3.A+1
3,"Given multiple number lines with different fractions, identify two equivalent fractions.",CCSS.MATH.CONTENT.3.NF.A.3.A+2
3,"Given a fraction, graph and equivalent fraction on a number line.",CCSS.MATH.CONTENT.3.NF.A.3.A+3
3,"Recognize and generate simple equivalent fractions, explaining why the fractions are equivalent.",CCSS.MATH.CONTENT.3.NF.A.3.B+1
3,Select fractions equivalent to whole numbers using models,CCSS.MATH.CONTENT.3.NF.A.3.C+2
3,"Express whole numbers as fractions, and recognize fractions that are equivalent to whole numbers. ",CCSS.MATH.CONTENT.3.NF.A.3.C+1
3,Compare two unit fractions.,CCSS.MATH.CONTENT.3.NF.A.3.D+1
3,Compare two fractions that have the same numerator.,CCSS.MATH.CONTENT.3.NF.A.3.D+2
3,Compare two fractions that have the same denominator.,CCSS.MATH.CONTENT.3.NF.A.3.D+3
3,Compare two fractions that have the same numerator or denominator.,CCSS.MATH.CONTENT.3.NF.A.3.D+4
3,"Distinguish between hour and minute hands on analog clocks, demonstrate accurate minute reading using multiplication by fives and individual tick mark counting, and analyze hour hand positioning relative to elapsed time within each hour.",CCSS.MATH.CONTENT.3.MD.A.1+1
3,Find the elapsed time in mathematical problems.,CCSS.MATH.CONTENT.3.MD.A.1+2
3,Find the elapsed time: word problems.,CCSS.MATH.CONTENT.3.MD.A.1+4
3,Solve word problems to find the end time.,CCSS.MATH.CONTENT.3.MD.A.1+5
3,"Solve word problems to find the start, end, or elapsed time.",CCSS.MATH.CONTENT.3.MD.A.1+6
3,Solve two step start and end time word problems.,CCSS.MATH.CONTENT.3.MD.A.1+7
3,Measure and estimate liquid volumes using liters (l).,CCSS.MATH.CONTENT.3.MD.A.2+1
3,Measure and estimate the masses of objects using standard units of grams (g) and kilograms (kg).,CCSS.MATH.CONTENT.3.MD.A.2+2
3,Identify parallelograms.,CCSS.MATH.CONTENT.3.G.A.1+5
3,Fluently divide within 100.,CCSS.MATH.CONTENT.3.OA.C.7+2
3,"Solve word problems involving the addition, subtraction, multiplication, or division of masses or volumes, with all measurements provided in the same unit",CCSS.MATH.CONTENT.3.MD.A.2+3
3,Draw a scaled picture graph to represent a data set with several categories.,CCSS.MATH.CONTENT.3.MD.B.3+1
3,Interpret a picture graph.,CCSS.MATH.CONTENT.3.MD.B.3+5
3,Draw a scaled bar graph to represent a data set with several categories,CCSS.MATH.CONTENT.3.MD.B.3+2
8,Evaluate values for variables for a given function.,CCSS.MATH.CONTENT.8.F.A.1+2
3,Interpret a scaled bar graph.,CCSS.MATH.CONTENT.3.MD.B.3+6
3,Solve problems on scaled bar graphs.,CCSS.MATH.CONTENT.3.MD.B.3+3
3,"Create line plots to display measurement data with a horizontal scale marked off in whole numbers, halves, or quarters.",CCSS.MATH.CONTENT.3.MD.B.4+2
3,Interpret a line plot.,CCSS.MATH.CONTENT.3.MD.B.4+3
3,Identify rhombuses.,CCSS.MATH.CONTENT.3.G.A.1+6
3,"Solve two-step additive-comparison problems that require combining or comparing results from categorical data represented in a pictograph, or bar graph with scaled intervals.",CCSS.MATH.CONTENT.3.MD.B.3+4
3,Measure areas by counting unit squares.,CCSS.MATH.CONTENT.3.MD.C.6+1
3,Multiply side lengths to find areas of rectangles with whole-number side lengths for solving mathematical problems.,CCSS.MATH.CONTENT.3.MD.C.7.B+1
3,"Given the area and a side, find the missing side length.",CCSS.MATH.CONTENT.3.MD.C.7.B+3
3,"Identify quadrilaterals —including rhombuses, rectangles, squares, and parallelograms—by analyzing visible attributes such as number of sides, right angles, and equal-length sides.",CCSS.MATH.CONTENT.3.G.A.1+1
3,Solve real-world word problems involving areas of rectangles with whole-number side lengths,CCSS.MATH.CONTENT.3.MD.C.7.B+2
3,Use tiling to demonstrate that the area of a rectangle with whole-number side lengths a and b + c equals the sum of the areas a × b and a × c.,CCSS.MATH.CONTENT.3.MD.C.7.C+1
3,Recognize area as an additive property.,CCSS.MATH.CONTENT.3.MD.C.7.D+1
3,Solve problems involving the area of composite figures.,CCSS.MATH.CONTENT.3.MD.C.7.D+2
3,Solve mathematical problems involving perimeters of polygons.,CCSS.MATH.CONTENT.3.MD.D.8+1
3,"Solve perimeter problems for squares and rectangles where students must infer equal opposite sides: only one side is given for a square, and only the length and width are given for a rectangle.",CCSS.MATH.CONTENT.3.MD.D.8+6
3,Solve perimeter problems in which the perimeter is given but a side length is missing.,CCSS.MATH.CONTENT.3.MD.D.8+3
3,Solve word problems involving perimeters of polygons.,CCSS.MATH.CONTENT.3.MD.D.8+2
3,"Compare quadrilaterals to determine how shared attributes group them into larger or overlapping categories (e.g., explaining why every square is both a rectangle and a rhombus).",CCSS.MATH.CONTENT.3.G.A.1+2
3,"Solve word problems involving area, perimeter, and side length.",CCSS.MATH.CONTENT.3.MD.D.8+4
3,"Given multiple shapes, determine which shapes have the same area.",CCSS.MATH.CONTENT.3.MD.D.8+7
3,Solve problems with rectangles with the same perimeter and different areas or with the same area and different perimeters.,CCSS.MATH.CONTENT.3.MD.D.8+5
3,"Recognize and describe basic geometric features: edges, vertices, parallel sides, and right angles.",CCSS.MATH.CONTENT.3.G.A.1+3
3,"Determine if an angle is greater than, equal to, or less than a right angle.",CCSS.MATH.CONTENT.3.G.A.1+4
3,Write the time shown on the clock.,CCSS.MATH.CONTENT.3.MD.A.1+3
3,Explain patterns in an arithmetic pattern.,CCSS.MATH.CONTENT.3.OA.D.9+2
3,"Partition shapes into parts with equal areas. Express the area of each part as a unit fraction of the whole. For example, partition a shape into 4 parts with equal area, and describe the area of each part as 1/4 of the area of the shape",CCSS.MATH.CONTENT.3.G.A.2+1
3,"Understand that a square with side length 1 unit (""unit square"") has an area of one square unit and can be used to measure area.",CCSS.MATH.CONTENT.3.MD.C.5.A+1
3,Understand that the area of a plane figure is the number of unit squares needed to cover it without gaps or overlaps.,CCSS.MATH.CONTENT.3.MD.C.5.B+1
3,"Find the area of a rectangle with whole-number side lengths by tiling it, and show that the area is the same as would be found by multiplying the side lengths",CCSS.MATH.CONTENT.3.MD.C.7.A+1
3,Determine the unknown whole number in a multiplication or division equation relating three whole numbers.,CCSS.MATH.CONTENT.3.OA.A.4+1
4,Generate a shape pattern that follows a given rule.,CCSS.MATH.CONTENT.4.OA.C.5+1
4,Generate a number pattern that follows a given rule.,CCSS.MATH.CONTENT.4.OA.C.5+2
4,Identify patterns in a given sequence from a given sequence.,CCSS.MATH.CONTENT.4.OA.C.5+3
4,Identify patterns in a given pattern given by a rule.,CCSS.MATH.CONTENT.4.OA.C.5+4
4,"Given a digit of a number, find the value of that digit.",CCSS.MATH.CONTENT.4.NBT.A.2+4
4,Read and write multi-digit whole numbers in standard and word forms,CCSS.MATH.CONTENT.4.NBT.A.2+1
4,Express multi-digit whole numbers in expanded form (addition-based and multiplication-based),CCSS.MATH.CONTENT.4.NBT.A.2+3
4,"Identify that shifting a digit one place to the left in a whole number increases its value by a factor of ten (e.g., 700 is ten times 70).",CCSS.MATH.CONTENT.4.NBT.A.1+1
4,Convert between place values.,CCSS.MATH.CONTENT.4.NBT.A.1+3
4,Compare numerical values by evaluating the size and positional value of digits in numbers with thousands.,CCSS.MATH.CONTENT.4.NBT.A.2+2
4,Apply place value and regrouping strategies to accurately add multi-digit numbers.,CCSS.MATH.CONTENT.4.NBT.B.4+1
4,Apply place value and regrouping strategies to accurately subtract multi-digit numbers.,CCSS.MATH.CONTENT.4.NBT.B.4+2
4,Solve word problems involving adding and subtracting multidigit numbers.,CCSS.MATH.CONTENT.4.NBT.B.4+3
4,Use place value understanding to round multi-digit whole numbers to any place.,CCSS.MATH.CONTENT.4.NBT.A.3+1
4,"Identify and use the patterns formed by multiplying numbers by 10, 100, and 1000 to generate and compare multiples.",CCSS.MATH.CONTENT.4.NBT.A.1+2
4,"In the multiplicative statement, ___ is ___ times as much as _____, given two values, find the third.",CCSS.MATH.CONTENT.4.OA.A.1+2
4,Interpret multiplication equations as multiplicative comparisons and represent verbal multiplicative comparisons from word problems.,CCSS.MATH.CONTENT.4.OA.A.1+1-old
4,Use multiplication or division to solve equal-groups and multiplicative-comparison problems.,CCSS.MATH.CONTENT.4.OA.A.2+1
4,"Use the distributive property to break a one-digit × two-digit product into two simpler products [e.g., 7 × 26 = (7 × 20) + (7 × 6)] and add to find the result.",CCSS.MATH.CONTENT.4.NBT.B.5+1
4,Represent a multi-digit multiplication as the area of a rectangle partitioned into smaller rectangles; label each partial area and add to obtain the full area (partial-products model).,CCSS.MATH.CONTENT.4.NBT.B.5+2
4,Multiply a three- or four-digit number by a one-digit number using an area model.,CCSS.MATH.CONTENT.4.NBT.B.5+10
4,Multiply two-digit numbers with area models.,CCSS.MATH.CONTENT.4.NBT.B.5+3
4,Multiply a one digit number by a two-digit number.,CCSS.MATH.CONTENT.4.NBT.B.5+6
4,Subtract fractions within one with the same denominator.,CCSS.MATH.CONTENT.4.NF.B.3.A+9
4,Multiply two-digit numbers using the standard algorithm to compute products.,CCSS.MATH.CONTENT.4.NBT.B.5+7
4,Solve problems involving multidigit multiplication.,CCSS.MATH.CONTENT.4.NBT.B.5+9
4,Divide whole numbers by 10 or 100 using place-value shifts.,CCSS.MATH.CONTENT.4.NBT.B.5+8
4,"Check if a number is divisible by 2, 3, 5, or 10 by looking at its last digit.",CCSS.MATH.CONTENT.4.OA.B.4+1
4,"Verify if a number is divisible by 4, 6, 8 and 9.",CCSS.MATH.CONTENT.4.OA.B.4+4
4,Solve a word problem involving divisibility rules.,CCSS.MATH.CONTENT.4.OA.B.4+5
4,Find all factors for a whole number in the range 1-100.,CCSS.MATH.CONTENT.4.OA.B.4+3
4,Determine whether a given whole number in the range 1-100 is prime or composite.,CCSS.MATH.CONTENT.4.OA.B.4+2
4,"Represent and solve division problems with remainders by using visual models, performing numerical calculations, and writing the corresponding equations.",CCSS.MATH.CONTENT.4.NBT.B.6+1
4,Solve a word problem in which the remainder is the answer.,CCSS.MATH.CONTENT.4.NBT.B.6+6
4,"Divide a three-digit dividend by a one-digit divisor with the standard algorithm, yielding a whole-number quotient and no remainder.",CCSS.MATH.CONTENT.4.NBT.B.6+3
4,Converting fractions of turns to degrees.,CCSS.MATH.CONTENT.4.MD.C.6+5
4,"Divide a three-digit dividend by a one-digit divisor with the standard algorithm, recording any remainder.",CCSS.MATH.CONTENT.4.NBT.B.6+4
4,"Divide a four-digit dividend by a one-digit divisor with the standard algorithm, with or without a remainder.",CCSS.MATH.CONTENT.4.NBT.B.6+5
4,Use the standard long-division algorithm to find whole-number quotients and record and interpret any remainders.,CCSS.MATH.CONTENT.4.NBT.B.6+2
4,Evaluate multi-step numerical expressions that include any of the four operations by correctly applying the conventional order of operations to obtain your answer.,CCSS.MATH.CONTENT.4.OA.A.3+1
4,Complete multiplication sentences that multiply unit fractions by whole numbers without models.,CCSS.MATH.CONTENT.4.NF.B.4.A+2
4,Write an equation for a multi-step word problem that include any of the four operations.,CCSS.MATH.CONTENT.4.OA.A.3+3
4,"Calculate the average of a set of numbers by adding the numbers together and dividing by the total count, and solve real-world problems involving averages.",CCSS.MATH.CONTENT.4.OA.A.3+4
4,"Write equations for equations including addition, subtraction, multiplication, and division. This includes expressing multiplicative relationships.",CCSS.MATH.CONTENT.4.OA.A.1+3
4,Solve multistep word problems.,CCSS.MATH.CONTENT.4.OA.A.3+6
4,Assess the reasonableness of multistep word problems by rounding.,CCSS.MATH.CONTENT.4.OA.A.3+7
4,Convert between mixed numbers and improper fractions.,CCSS.MATH.CONTENT.4.NF.B.3.A+3
4,"Understand and convert between basic time units (seconds, minutes, hours) to solve time-related problems.",CCSS.MATH.CONTENT.4.MD.A.1+1
4,Solve problems involving elapsed time.,CCSS.MATH.CONTENT.4.MD.A.2+5
4,Convert between 12-hour (a.m./p.m.) and 24-hour (military) time and solve elapsed-time word problems that use either format.,CCSS.MATH.CONTENT.4.MD.A.2+1
4,Use rulers to measure objects in inches.,CCSS.MATH.CONTENT.4.MD.A.2+2-old
4,Use rulers to measure objects in centimeters and millimeters.,CCSS.MATH.CONTENT.4.MD.A.2+3
4,"Add mixed numbers with a common denominator by combining their whole-number parts and fractional parts, without regrouping.",CCSS.MATH.CONTENT.4.NF.B.3.A+5
4,Identify which customary units are appropriate for a given situation.,CCSS.MATH.CONTENT.4.MD.A.1+8
4,"Convert and solve problems involving linear measurement using inches, feet, yards and miles.",CCSS.MATH.CONTENT.4.MD.A.1+2
5,Multiply two fractions.,CCSS.MATH.CONTENT.5.NF.B.4.A+5
5,"Recognize that in a multi-digit number, each digit represents 10 times the digit to its right and 1/10 of the digit to its left.",CCSS.MATH.CONTENT.5.NBT.A.1+2
4,Recognize and apply the conversion relationships among customary weight units to solve measurement problems.,CCSS.MATH.CONTENT.4.MD.A.1+4
4,Convert between customary volume units to solve measurement problems.,CCSS.MATH.CONTENT.4.MD.A.1+6
4,Identify which metric units are appropriate for a given situation.,CCSS.MATH.CONTENT.4.MD.A.1+9
4,"Convert and solve problems involving linear measurement using metric length units (kilometers, meters, centimeters)",CCSS.MATH.CONTENT.4.MD.A.1+3
4,"Understand and compare metric weight units, including recognizing the relative values of grams and kilograms.",CCSS.MATH.CONTENT.4.MD.A.1+5
4,"Add mixed numbers with a common denominator by combining their whole-number parts and fractional parts, with regrouping.",CCSS.MATH.CONTENT.4.NF.B.3.A+7
4,Convert between metric volume units  of liters and milliliters to solve measurement problems.,CCSS.MATH.CONTENT.4.MD.A.1+7
4,Create equivalent fractions by multiplying the numerator and denominator by the same number.,CCSS.MATH.CONTENT.4.NF.A.1+1
4,Type a missing number that makes two fractions equal.,CCSS.MATH.CONTENT.4.NF.A.1+3
4,Simplify fraction to lowest terms.,CCSS.MATH.CONTENT.4.NF.A.1+2
4,Decompose fractions into unit fractions using models.,CCSS.MATH.CONTENT.4.NF.A.1+4
8,Interpret points on a graph of a linear function.,CCSS.MATH.CONTENT.8.F.A.1+3
4,Write a fraction as a sum of fractions.,CCSS.MATH.CONTENT.4.NF.A.1+5
4,Write an improper fraction as a sum of fractions.,CCSS.MATH.CONTENT.4.NF.A.1+6
4,Decompose fractions multiple ways.,CCSS.MATH.CONTENT.4.NF.A.1+7
4,Decompose proper fractions into a sum of fractions in multiple ways.,CCSS.MATH.CONTENT.4.NF.B.3.A+1-old
4,Decompose improper fractions into a sum of fractions in multiple ways.,CCSS.MATH.CONTENT.4.NF.B.3.B+1-old
4,Multiply unit fractions by whole numbers with models.,CCSS.MATH.CONTENT.4.NF.B.4.A+1
4,Compare fractions with benchmarks.,CCSS.MATH.CONTENT.4.NF.A.2+3
4,"Determine >, <, or = for the two fractions provided using equivalent fractions.",CCSS.MATH.CONTENT.4.NF.A.2+1
4,Compare and order a set of fractions from least to greatest (or greatest to least).,CCSS.MATH.CONTENT.4.NF.A.2+2
4,Add fractions within one with the same denominator.,CCSS.MATH.CONTENT.4.NF.B.3.A+4
4,Add fractions greater than one with the same denominator.,CCSS.MATH.CONTENT.4.NF.B.3.A+6
4,"Subtract a mixed number minus a fraction, without regrouping.",CCSS.MATH.CONTENT.4.NF.B.3.C+1
4,"Subtract a mixed number minus a fraction, with regrouping.",CCSS.MATH.CONTENT.4.NF.B.3.A+8
4,Whole number minus mixed number,CCSS.MATH.CONTENT.4.NF.B.3.C+3
4,Mixed number minus a mixed number,CCSS.MATH.CONTENT.4.NF.B.3.C+2
4,"Solve word problems involving addition and subtraction of fractions referring to the same whole and having like denominators, e.g., by using visual fraction models and equations to represent the problem.",CCSS.MATH.CONTENT.4.NF.B.3.D+1
5,Multiply a number by a power of ten.,CCSS.MATH.CONTENT.5.NBT.A.2+6
4,"Make a line plot to display a data set of measurements in fractions of a unit (1/2, 1/4, 1/8).",CCSS.MATH.CONTENT.4.MD.B.4+1
4,Solve problems involving addition and subtraction of fractions by using information presented in line plots.,CCSS.MATH.CONTENT.4.MD.B.4+2
4,Solve mathematical problems involving multiplying whole numbers and fractions with models and repeated addition.,CCSS.MATH.CONTENT.4.NF.B.4.B+1
4,Solving mathematical problems involving multiplying whole numbers and fractions.,CCSS.MATH.CONTENT.4.NF.B.4.B+3
4,Solve real-world problems involving multiplying fractions by whole numbers.,CCSS.MATH.CONTENT.4.NF.B.4.C+1
5,Divide a number by a power of ten.,CCSS.MATH.CONTENT.5.NBT.A.2+7
4,"Use the four operations to solve word problems involving distances, intervals of time, liquid volumes, or masses of objects involving simple fractions",CCSS.MATH.CONTENT.4.MD.A.2+4
4,Express a fraction with denominator 10 as an equivalent fraction with denominator 100.,CCSS.MATH.CONTENT.4.NF.C.5+1
4,"Add two fractions with respective denominators 10 and 100 (e.g. Express 3/10 as 30/100, and add 3/10 + 4/100 = 34/100.)",CCSS.MATH.CONTENT.4.NF.C.5+2
4,Identify place value of digits in decimal numbers.,CCSS.MATH.CONTENT.4.NF.C.6+2
4,Convert between fractions and decimals.,CCSS.MATH.CONTENT.4.NF.C.6+6
4,Model tenths with decimals and mixed numbers.,CCSS.MATH.CONTENT.4.NF.C.6+1
4,Graph a fraction on a number line that is labelled with decimals.,CCSS.MATH.CONTENT.4.NF.C.6+8
5,Order a list of decimal numbers.,CCSS.MATH.CONTENT.5.NBT.A.4+1
4,Convert freely between fractions with denominators 10 and their equivalent decimal forms,CCSS.MATH.CONTENT.4.NF.C.6+1-old
4,Convert freely between fractions with denominators 100 and their equivalent decimal form.,CCSS.MATH.CONTENT.4.NF.C.6+7-old
4,Compare two decimals to the hundredths place using models.,CCSS.MATH.CONTENT.4.NF.C.7+3
4,Compare two decimals to the hundredths place.,CCSS.MATH.CONTENT.4.NF.C.7+1
4,Order a list of decimals.,CCSS.MATH.CONTENT.4.NF.C.7+2
4,Add two fractions with respective denominators 10 and 100 using the common denominator of 100.,CCSS.MATH.CONTENT.4.NF.C.6+3
4,Solve problems involving area.,CCSS.MATH.CONTENT.4.MD.A.3+1
4,Solve problems involving perimeter.,CCSS.MATH.CONTENT.4.MD.A.3+2
4,Solve area and perimeter problems.,CCSS.MATH.CONTENT.4.MD.A.3+3
4,"Recognize, name, and use the properties of lines, rays, and angles to analyze and solve geometric problems.",CCSS.MATH.CONTENT.4.MD.C.5.A+1
4,Determine and record angle measurements in degrees using a protractor.,CCSS.MATH.CONTENT.4.MD.C.6+1
4,Measure angles on a circle.,CCSS.MATH.CONTENT.4.MD.C.6+3
4,Use fractions to find the measure of an angle.,CCSS.MATH.CONTENT.4.MD.C.6+4
4,Construct angles by accurately aligning a protractor with a reference baseline and marking the specified degree measurement.,CCSS.MATH.CONTENT.4.MD.C.6+2
4,"Identify right angles, obtuse angles, acute angles",CCSS.MATH.CONTENT.4.G.A.1+1
4,Recognize that angle measure is additive and determine unknown angles by decomposing angles into non-overlapping parts and solving addition or subtraction equations in diagrams and real-world contexts.,CCSS.MATH.CONTENT.4.MD.C.7+1
4,Solve word problems involving unknown angles.,CCSS.MATH.CONTENT.4.MD.C.7+2
4,Identify parallel and perpendicular lines.,CCSS.MATH.CONTENT.4.G.A.1+2
5,Use place value understanding to round decimals to any place.,CCSS.MATH.CONTENT.5.NBT.A.4+2
4,"Identify and classify quadrilaterals as parallelograms, rhombi, trapezoids, or non-parallelograms using their defining properties.",CCSS.MATH.CONTENT.4.G.A.2+1
4,"Classify triangles as right, acute, or obtuse.",CCSS.MATH.CONTENT.4.G.A.2+2
4,"Identify if a given triangle is scalene, isosceles but not equilateral, or equilateral",CCSS.MATH.CONTENT.4.G.A.2+3
4,"Classify triangles as right, acute, obtuse, scalene, isosceles but not equilateral, or equilateral.",CCSS.MATH.CONTENT.4.G.A.2+4
4,Identify whether a dotted line across a shape is a line of symmetry.,CCSS.MATH.CONTENT.4.G.A.3+2
4,"Identify now many lines of symmetries an image, shape or letter has.",CCSS.MATH.CONTENT.4.G.A.3+1
5,Estimate sums or differences by rounding to the nearest whole number and then adding/subtracting.,CCSS.MATH.CONTENT.5.NBT.A.4+3
4,An angle that turns through n one-degree angles is said to have an angle measure of n degrees.,CCSS.MATH.CONTENT.4.MD.C.5.B+1-old
5,"Convert between standard, word and expanded form for multi-digit numbers.",CCSS.MATH.CONTENT.5.NBT.A.2+1
5,Convert between place values using words.,CCSS.MATH.CONTENT.5.NBT.A.2+5
5,Find the value of a given digit in a multigidit number.,CCSS.MATH.CONTENT.5.NBT.A.2+3
5,Convert between numbers into exponential form and multiplication expressions.,CCSS.MATH.CONTENT.5.NBT.A.2+2
5,Divide multidigit numbers ending in zeros.,CCSS.MATH.CONTENT.5.NBT.B.7+8
5,Multiplify a whole number by a power of ten or the product of a single digit and a power of ten.,CCSS.MATH.CONTENT.5.NBT.A.2+4
5,Represent decimals using models.,CCSS.MATH.CONTENT.5.NBT.A.3.A+5
5,Identify digits in decimal numbers.,CCSS.MATH.CONTENT.5.NBT.A.3.A+2
5,Read and write decimals to thousandths using base-ten numerals.,CCSS.MATH.CONTENT.5.NBT.A.3.A+1
5,Read and write decimals to thousandths using expanded form with decimals.,CCSS.MATH.CONTENT.5.NBT.A.3.A+3
5,Read and write decimals to thousandths using expanded form with fractions.,CCSS.MATH.CONTENT.5.NBT.A.3.A+4
5,Identify decimals that are equivalent.,CCSS.MATH.CONTENT.5.NBT.A.3.B+1
5,Compare decimals to the thousandths on the number line.,CCSS.MATH.CONTENT.5.NBT.A.3.B+2
5,Find decimals that are greater than or less than decimals represented on grids.,CCSS.MATH.CONTENT.5.NBT.A.3.B+3
5,Compare decimal numbers.,CCSS.MATH.CONTENT.5.NBT.A.3.B+4
5,"Solve word problems involving comparing, ordering and rounding decimals.",CCSS.MATH.CONTENT.5.NBT.A.4+4
5,Evaluate numerical expressions with parentheses.,CCSS.MATH.CONTENT.5.OA.A.1+2
5,Recognize how different placement of parentheses results in different solutions.,CCSS.MATH.CONTENT.5.OA.A.1+3
5,Identify mistakes involving the order of operations.,CCSS.MATH.CONTENT.5.OA.A.1+4
5,Use order of operations to evaluate numerical expressions.,CCSS.MATH.CONTENT.5.OA.A.1+1
5,Interpret mathematical expressions based on verbal descriptions for one step problems.,CCSS.MATH.CONTENT.5.OA.A.2+1
5,Interpret mathematical expressions based on verbal descriptions for two step problems.,CCSS.MATH.CONTENT.5.OA.A.2+2
5,Write numerical expressions for word problems.,CCSS.MATH.CONTENT.5.OA.A.2+3
5,Represent multi-step problems using equations.,CCSS.MATH.CONTENT.5.OA.A.2+4
5,"Identify and describe the components of the coordinate plane, including the x-axis, y-axis, origin, quadrants, and the conventions for plotting and naming points using ordered pairs.",CCSS.MATH.CONTENT.5.G.A.1+1
5,Identify the coordinates for points on a coordinate plane.,CCSS.MATH.CONTENT.5.G.A.2+1
5,Graph points on the coordinate plane.,CCSS.MATH.CONTENT.5.G.A.1+2
5,"Given a point, identify which coordinate is a set number of units up and right from it.",CCSS.MATH.CONTENT.5.G.A.2+2
5,Graph points from a table.,CCSS.MATH.CONTENT.5.G.A.2+3
5,Identify the relationship between corresponding terms of the two patterns.,CCSS.MATH.CONTENT.5.OA.B.3+3
5,Analyze real world graphs.,CCSS.MATH.CONTENT.5.G.A.2+4
5,Generate two numerical patterns based on the given rules and starting number.,CCSS.MATH.CONTENT.5.OA.B.3+1
5,Multiply by three digit numbers with zeros in a factor.,CCSS.MATH.CONTENT.5.NBT.B.5+1
5,Multiply 2 digit numbers by 3 digit numbers,CCSS.MATH.CONTENT.5.NBT.B.5+2
5,Mutliply 3 digit numbers by 3 or 4 digit numbers,CCSS.MATH.CONTENT.5.NBT.B.5+3
5,Divide numbers by two digit divisors using models,CCSS.MATH.CONTENT.5.NBT.B.6+1
5,Add decimals to hundredths.,CCSS.MATH.CONTENT.5.NBT.B.7+1
5,Divide 2-digit numbers by 2-digit numbers,CCSS.MATH.CONTENT.5.NBT.B.6+4
5,Divide 3-digit numbers by 2-digit numbers,CCSS.MATH.CONTENT.5.NBT.B.6+5
5,"Use the standard long‑division algorithm to divide any whole number of up to four digits by a two‑digit number, and explain both the quotient and any remainder.",CCSS.MATH.CONTENT.5.NBT.B.6+3
5,Divide 4-digit numbers by 2-digit numbers,CCSS.MATH.CONTENT.5.NBT.B.6+6
5,Solve real-world problems involving multiplication.,CCSS.MATH.CONTENT.5.NBT.B.5+4
5,Subtract decimals to hundredths.,CCSS.MATH.CONTENT.5.NBT.B.7+2
5,Solve word problems involving additing and subtracting with decimal numbers.,CCSS.MATH.CONTENT.5.NBT.B.7+3
5,2FH- Multiply a decimal by a two-digit whole number,CCSS.MATH.CONTENT.5.NBT.B.5+7
5,Multiply decimals using models.,CCSS.MATH.CONTENT.5.NBT.B.5+5
5,6FA - Multiply two decimals: where does the decimal point go?,CCSS.MATH.CONTENT.5.NBT.B.5+6
5,Divide decimals by using place value blocks.,CCSS.MATH.CONTENT.5.NBT.B.7+5
5,Divide decimals by whole numbers using place value.,CCSS.MATH.CONTENT.5.NBT.B.7+6
5,Divide decimals to hundredths by a whole number.,CCSS.MATH.CONTENT.5.NBT.B.7+4
5,Solve real world problems involving multiplication of two fractions.,CCSS.MATH.CONTENT.5.NF.B.6+3
5,Solve word problems involving multiplying decimals to the hundredths place resulting in decimals up to the thousandths place.,CCSS.MATH.CONTENT.5.NBT.B.7+7
5,Solve real world problems involving multiplication of fractions and whole numbers.,CCSS.MATH.CONTENT.5.NF.B.6+1
5,Add fractions less than one with unlike denominators.,CCSS.MATH.CONTENT.5.NF.A.1+2
5,Find the least common denominator for two fractions.,CCSS.MATH.CONTENT.5.NF.A.1+1
5,Add mixed numbers.,CCSS.MATH.CONTENT.5.NF.A.1+6
5,Add mixed numbers and proper fractions.,CCSS.MATH.CONTENT.5.NF.A.1+3
5,Subtract mixed numbers with unlike denominators.,CCSS.MATH.CONTENT.5.NF.A.1+5
5,Subtract fractions with unlike denominators.,CCSS.MATH.CONTENT.5.NF.A.1+4
5,Solve word problems involving subtraction of fractions.,CCSS.MATH.CONTENT.5.NF.A.2+3
5,Solve word problems involving addition and subtraction of fractions.,CCSS.MATH.CONTENT.5.NF.A.2+5
5,Solve multistep word problems involving addition and subtraction of fractions.,CCSS.MATH.CONTENT.5.NF.A.2+4
5,Solve word problems involving addition of fractions.,CCSS.MATH.CONTENT.5.NF.A.2+2
5,Estimate sums and differences of fractions using benchmarks.,CCSS.MATH.CONTENT.5.NF.A.2+1
5,Multiply fractions using area models.,CCSS.MATH.CONTENT.5.NF.B.6+4
5,Interpret a fraction as division of the numerator by the denominator (a/b = a ÷ b) and solve word problems involving division of whole numbers resulting in fractional answers.,CCSS.MATH.CONTENT.5.NF.B.3+1
5,"Fluently divide multi-digit numbers using the standard algorithm, resulting in fractions.",CCSS.MATH.CONTENT.5.NF.B.3+2
5,Solve word problems that involve dividing integers and result in fractions.,CCSS.MATH.CONTENT.5.NF.B.3+3
5,"Explain why multiplying a number by a fraction greater than 1 increases its value, multiplying by a fraction less than 1 decreases its value, and multiplying any fraction by n ⁄ n produces an equivalent fraction because n ⁄ n equals 1.",CCSS.MATH.CONTENT.5.NF.B.5.A+1
5,Solve problems by finding the fraction of a whole number or multiplying a whole number by a fraction.,CCSS.MATH.CONTENT.5.NF.B.4.A+1
5,Solve problems involving finding fractions of numbers.,CCSS.MATH.CONTENT.5.NF.B.4.A+2
5,Multiply mixed numbers by whole numbers and mixed numbers with mixed numbers with area models.,CCSS.MATH.CONTENT.5.NF.B.4.A+8
5,Multiply mixed numbers by whole numbers.,CCSS.MATH.CONTENT.5.NF.B.4.A+6
5,Multiply mixed numbers by other mixed numbers.,CCSS.MATH.CONTENT.5.NF.B.4.A+7
5,"Solve real world problems involving multiplication of a fraction and a mixed number, or two mixed numbers.",CCSS.MATH.CONTENT.5.NF.B.6+2
5,Multiply fractional side lengths to find areas of rectangles.,CCSS.MATH.CONTENT.5.NF.B.4.B+2
5,Divide Unit Fractions by Whole Numbers Using Models,CCSS.MATH.CONTENT.5.NF.B.7.A+3
5,Compute quotients when dividing a unit fraction by a whole number.,CCSS.MATH.CONTENT.5.NF.B.7.A+1
5,Divide whole numbers by unit fractions using models.,CCSS.MATH.CONTENT.5.NF.B.7.A+2
5,Compute quotients when dividing a whole number by a unit fraction.,CCSS.MATH.CONTENT.5.NF.B.7.B+1
5,Solve problems involving multiplying and dividing unit fractions and whole numbers.,CCSS.MATH.CONTENT.5.NF.B.7.B+2
5,Solve multi-step problems involving converting among different-sized standard measurement units within a given measurement system.,CCSS.MATH.CONTENT.5.MD.A.1+7
5,"Make a line plot to display a data set of measurements in fractions of a unit.  ",CCSS.MATH.CONTENT.5.MD.B.2+1
5,Use operations on fractions for this grade to solve problems involving information presented in line plots.,CCSS.MATH.CONTENT.5.MD.B.2+2
5,"Measure volumes by counting unit cubes, using cubic cm, cubic in, cubic ft, and improvised units.",CCSS.MATH.CONTENT.5.MD.C.4+1
5,Apply the formula V = b × h for rectangular prisms to find volumes of right rectangular prisms with whole-number edge lengths in mathematical problems.,CCSS.MATH.CONTENT.5.MD.C.5.B+2
5,Apply the formulas V = b × h or V = l × w × h for rectangular prisms to find volumes of right rectangular prisms with whole-number edge lengths in the context of solving real-world problems.,CCSS.MATH.CONTENT.5.MD.C.5.B+4
5,Solve mathematicall problems for composite volume.,CCSS.MATH.CONTENT.5.MD.C.5.C+1
5,Solve real-world problems for composite volume.,CCSS.MATH.CONTENT.5.MD.C.5.C+2
5,"Classify triangles as equilateral, isosceles, scalene.",CCSS.MATH.CONTENT.5.G.B.4+1
5,Select all names for a quadrilateral.,CCSS.MATH.CONTENT.5.G.B.3+2
5,"Understand that attributes belonging to a category of two-dimensional figures also belong to all subcategories of that category. ",CCSS.MATH.CONTENT.5.G.B.3+1
5,Convert length across customary units.,CCSS.MATH.CONTENT.5.MD.A.1+1
5,Convert weight across customary units.,CCSS.MATH.CONTENT.5.MD.A.1+2
5,Convert volume across customary units.,CCSS.MATH.CONTENT.5.MD.A.1+3
5,Convert length across metric units.,CCSS.MATH.CONTENT.5.MD.A.1+4
5,Convert mass across metric units.,CCSS.MATH.CONTENT.5.MD.A.1+5
5,Convert volume across metric units.,CCSS.MATH.CONTENT.5.MD.A.1+6
6,Write numerical expressions involving whole-number exponents.,CCSS.MATH.CONTENT.6.EE.A.1+1
6,Evaluate numerical expressions involving whole-number exponents.,CCSS.MATH.CONTENT.6.EE.A.1+2
6,Apply the order of operations to evaluate expressions.,CCSS.MATH.CONTENT.6.EE.A.2.C+1
6,List all of the factor pairs of a number.,CCSS.MATH.CONTENT.6.NS.B.4+5
6,Write a number as a product of prime factors and represent the product using exponents.,CCSS.MATH.CONTENT.6.NS.B.4+1
6,"Identify and find the greatest common factor (GCF) of two whole numbers where each number is less than or equal to 100, using methods such as prime factorization",CCSS.MATH.CONTENT.6.NS.B.4+2
6,Find the least common multiple (LCM) of two whole numbers where each number is less than or equal to 12.,CCSS.MATH.CONTENT.6.NS.B.4+3
6,"Utilize the distributive property to rewrite a sum of two whole numbers, each ranging from 1 to 100, that have a GCF greater than 1 as a product of their GCF and a sum of two whole numbers with no common factor.",CCSS.MATH.CONTENT.6.NS.B.4+4
6,Solve word problems involving greatest common factor or least common multiple.,CCSS.MATH.CONTENT.6.NS.A.1+5
6,"Find the reciprocal of a whole number, proper fraction or mixed number.",CCSS.MATH.CONTENT.6.NS.A.1+4
6,Solve word problems involving comparing ratios.,CCSS.MATH.CONTENT.6.RP.A.3.A+7
6,Apply the relationship between multiplication and division to divide fractions less than 1.,CCSS.MATH.CONTENT.6.NS.A.1+1
6,Apply the relationship between multiplication and division to divide fractions less than 1 and whole numbers.,CCSS.MATH.CONTENT.6.NS.A.1+6
6,Apply the relationship between multiplication and division to divide fractions greater than greater than 1.,CCSS.MATH.CONTENT.6.NS.A.1+2
6,Create and solve word problems involving division of fractions.,CCSS.MATH.CONTENT.6.NS.A.1+3
6,Fluently add decimals using the standard algorithm.,CCSS.MATH.CONTENT.6.NS.B.3+1
6,Fluently subtract decimals using the standard algorithm.,CCSS.MATH.CONTENT.6.NS.B.3+2
6,Solve real-world problems by adding and subtracting decimals.,CCSS.MATH.CONTENT.6.NS.B.3+3
6,Fluently multiply decimals using the standard algorithm.,CCSS.MATH.CONTENT.6.NS.B.3+4
6,"Fluently divide whole number dividends by whole number divisors, resulting in decimals.",CCSS.MATH.CONTENT.6.NS.B.3+8
6,Fluently divide decimal dividends by whole number divisors.,CCSS.MATH.CONTENT.6.NS.B.3+5
6,Fluently divide whole number dividends by decimal divisors.,CCSS.MATH.CONTENT.6.NS.B.3+6
6,Fluently divide decimal dividends by decimal divisors.,CCSS.MATH.CONTENT.6.NS.B.3+7
6,Solve real-world problems by multiplying and dividing decimals.,CCSS.MATH.CONTENT.6.NS.B.3+9
6,"Solve real-world problems by adding, subtracting, multiplying or dividing decimals.",CCSS.MATH.CONTENT.6.NS.B.3+10
6,Understand the concept of a ratio and use ratio language to describe a ratio relationship between two quantities.,CCSS.MATH.CONTENT.6.RP.A.1+1
6,Writing ratios from word problems.,CCSS.MATH.CONTENT.6.RP.A.1+2
6,Find a part given the percent and the whole.,CCSS.MATH.CONTENT.6.RP.A.3.C+4
6,"Understand the concept of a unit rate a/b associated with a ratio a:b with b ≠ 0, and use rate language in the context of a ratio relationship in a real world situation.",CCSS.MATH.CONTENT.6.RP.A.2+1
6,"Solve real-world problems by finding and applying unit rates—such as unit pricing or constant speed—e.g., mowing 4 lawns in 7 hours → lawns per hour and lawns in 35 hours.",CCSS.MATH.CONTENT.6.RP.A.3.B+1
6,Write equivalent ratios.,CCSS.MATH.CONTENT.6.RP.A.3.A+2
6,Identify equivalent ratios.,CCSS.MATH.CONTENT.6.RP.A.3.A+1
6,Create tables and graphs from ratios.,CCSS.MATH.CONTENT.6.RP.A.3.A+5
6,Equivalent Ratio Situations,CCSS.MATH.CONTENT.6.RP.A.3.A+6
6,Determine which proportion to use to convert from one unit to another.,CCSS.MATH.CONTENT.6.RP.A.3.D+4
6,Convert rates and measurements within the customary system.,CCSS.MATH.CONTENT.6.RP.A.3.D+1
6,Use ratios to convert rates and measurements within the metric system.,CCSS.MATH.CONTENT.6.RP.A.3.D+2
6,Use ratios to convert between customary and metric systems.,CCSS.MATH.CONTENT.6.RP.A.3.D+3
6,"Convert between fractions, decimals and percents.",CCSS.MATH.CONTENT.6.RP.A.3.C+1
6,Find the percent given the part and the whole.,CCSS.MATH.CONTENT.6.RP.A.3.C+3
6,Find the whole given a part and a percent.,CCSS.MATH.CONTENT.6.RP.A.3.C+5
6,Solve a word problem asking to find a percent of a number.,CCSS.MATH.CONTENT.6.RP.A.3.C+6
6,Solve percent word problems.,CCSS.MATH.CONTENT.6.RP.A.3.C+2
6,Translate between verbal descriptions and expressions and equations.,CCSS.MATH.CONTENT.6.EE.A.2.A+1
6,Write expressions that record operations with numbers and variables from word problems.,CCSS.MATH.CONTENT.6.EE.A.2.A+2
6,"Identify the parts of an expression using precise mathematical terms—sum, term, product, factor, quotient, and coefficient—and regard one or more parts of the expression as a single entity.",CCSS.MATH.CONTENT.6.EE.A.2.B+1
6,Verify whether a given value is a solution to an equation through substitution and evaluation.,CCSS.MATH.CONTENT.6.EE.B.5+1
6,Evaluate numerical expressions with whole numbers by substituting numbers in for variables.,CCSS.MATH.CONTENT.6.EE.A.2.C+4
6,Evaluate numerical expressions with fractions or decimals by substituting numbers in for variables.,CCSS.MATH.CONTENT.6.EE.A.2.C+5
6,Accurately evaluate algebraic expressions by substituting integer and fractional values for variables. Include expressions that arise from formulas used in real-world problems.,CCSS.MATH.CONTENT.6.EE.A.2.C+2
6,Solve real-world problems by evaluating given formulas or equations.,CCSS.MATH.CONTENT.6.EE.A.2.C+3
6,Solve word problems involving evaluating expressions for a given variable.,CCSS.MATH.CONTENT.6.EE.A.3+4
6,Identify properties of addition and multiplication.,CCSS.MATH.CONTENT.6.EE.A.3+5
6,Multiply using the distributive property.,CCSS.MATH.CONTENT.6.EE.A.3+1
6,Factor variable expressions using the distributive property.,CCSS.MATH.CONTENT.6.EE.A.3+2
6,Add and subtract like terms.,CCSS.MATH.CONTENT.6.EE.A.3+3
6,Identify when two expressions are equivalent.,CCSS.MATH.CONTENT.6.EE.A.4+1
6,"Solve one-step addition and subtraction equations.
",CCSS.MATH.CONTENT.6.EE.B.7+1
6,Write one-variable addition or subtraction equations from word problems.,CCSS.MATH.CONTENT.6.EE.B.7+2
6,Solve one-step multiplication and division equations.,CCSS.MATH.CONTENT.6.EE.B.7+3
6,Write one-step multiplication and division equations from word problems.,CCSS.MATH.CONTENT.6.EE.B.7+4
6,Solve word problems involving real-world one-step equations.,CCSS.MATH.CONTENT.6.EE.B.7+5
6,Use positive and negative numbers in tandem to model real-world quantities that have opposite values or directions—such as temperatures above and below zero—interpreting zero as the neutral reference point in each context.,CCSS.MATH.CONTENT.6.NS.C.5+1
6,Find and position integers and other rational numbers on a horizontal or vertical number line diagram.,CCSS.MATH.CONTENT.6.NS.C.6.C+1
6,Recognize opposite signs of numbers as indicating locations on opposite sides of 0 on the number line.,CCSS.MATH.CONTENT.6.NS.C.6.A+1
6,Compare rational numbers.,CCSS.MATH.CONTENT.6.NS.C.7.A+1
6,Order rational numbers.,CCSS.MATH.CONTENT.6.NS.C.7.B+1
6,Understand the absolute value of a rational number as its distance from 0 on the number line.,CCSS.MATH.CONTENT.6.NS.C.7.C+1
6,Find the absolute value of numbers.,CCSS.MATH.CONTENT.6.NS.C.7.C+3
6,Interpret absolute value as magnitude for a positive or negative quantity in a real-world situation. Understand that |-a| = a.,CCSS.MATH.CONTENT.6.NS.C.7.C+2
6,"Distinguish comparisons of absolute value from statements about order. For example, recognize that an account balance less than -30 dollars represents a debt greater than 30 dollars.",CCSS.MATH.CONTENT.6.NS.C.7.D+1
6,Find and position pairs of integers and other rational numbers on a coordinate plane.,CCSS.MATH.CONTENT.6.NS.C.6.C+2
6,"Recognize that when two ordered pairs differ only by signs, the locations of the points are related by being reflections across one or both axes.",CCSS.MATH.CONTENT.6.NS.C.6.B+1
6,Follow directions on a coordinate plane.,CCSS.MATH.CONTENT.6.NS.C.8+2
6,Find the distance between two points on the coordinate plane.,CCSS.MATH.CONTENT.6.NS.C.8+1
6,Draw polygons on the coordinate plane.,CCSS.MATH.CONTENT.6.G.A.3+1
6,Solve area and perimeter problems on the coordinate plane.,CCSS.MATH.CONTENT.6.G.A.3+2
6,Identify independent and dependent variables in situations.,CCSS.MATH.CONTENT.6.EE.C.9+1
6,Write an equation from a table.,CCSS.MATH.CONTENT.6.EE.C.9+2
6,Verify whether a given value is a solution to a one-step inequality through substitution and evaluation.,CCSS.MATH.CONTENT.6.EE.B.5+2
6,Find a value using given two-variable mathematical equations.,CCSS.MATH.CONTENT.6.EE.C.9+3
6,Find a value using given two-variable real-world equations.,CCSS.MATH.CONTENT.6.EE.C.9+4
6,Graph a two-variable equation.,CCSS.MATH.CONTENT.6.EE.C.9+5
6,Write a two-variable equation from a real-world problem.,CCSS.MATH.CONTENT.6.EE.C.9+6
6,"Interpret graphs presented in word problems, extracting and analyzing quantitative information to explain the relationships shown.",CCSS.MATH.CONTENT.6.EE.C.9+7
6,Graph inequalities.,CCSS.MATH.CONTENT.6.EE.B.8+1
6,Write an inequality of the form x > c or x < c to represent a constraint or condition from a number line.,CCSS.MATH.CONTENT.6.EE.B.8+3
6,"Write an inequality of the form x > c or x < c to represent a constraint or condition in a real-world problem. ",CCSS.MATH.CONTENT.6.EE.B.8+4
6,Find the area of parallelograms.,CCSS.MATH.CONTENT.6.G.A.1+1
6,Find the area of triangles.,CCSS.MATH.CONTENT.6.G.A.1+2
6,Find the area of rhombuses.,CCSS.MATH.CONTENT.6.G.A.1+3
6,Find the area of a trapezoid.,CCSS.MATH.CONTENT.6.G.A.1+4
6,Solve real world problems involving the area of quadrilaterals and triangles.,CCSS.MATH.CONTENT.6.G.A.1+5
6,"Find the area of compound figures involving triangles, squares, and rectangles.",CCSS.MATH.CONTENT.6.G.A.1+6
6,Apply the volume formulas V = l w h and V = B h to find volumes of right rectangular prisms,CCSS.MATH.CONTENT.6.G.A.2+1
6,Solve real world problems involving the volume of right rectangular prisms.,CCSS.MATH.CONTENT.6.G.A.2+2
6,Identify the nets of pyramids and prisms.,CCSS.MATH.CONTENT.6.G.A.4+1
6,Calculate the surface area of cubes and rectangular prisms.,CCSS.MATH.CONTENT.6.G.A.4+2
6,Calculate the surface area of triangular prisms.,CCSS.MATH.CONTENT.6.G.A.4+3
6,"Recognize a statistical question as one that anticipates variability in the data related to the question and accounts for it in the answers. Questions regarding an individual known data point would not be considered a statistical question. However, questions regarding data points about a population would be statistical in nature.",CCSS.MATH.CONTENT.6.SP.A.1+1
6,Compare data displays.,CCSS.MATH.CONTENT.6.SP.B.5.B+1
6,"Give quantitative measures of mean, median, mode and range for a data set.",CCSS.MATH.CONTENT.6.SP.B.5.C+1
6,Identify an outlier and describe the effect of removing it.,CCSS.MATH.CONTENT.6.SP.B.5.C+5
6,Calculate quartiles and interquartile range.,CCSS.MATH.CONTENT.6.SP.B.5.C+4
6,Calculate mean absolute deviation.,CCSS.MATH.CONTENT.6.SP.B.5.C+3
6,Display numerical data on dot plots.,CCSS.MATH.CONTENT.6.SP.B.4+1
6,Report the number of observations of data from a math problem.,CCSS.MATH.CONTENT.6.SP.B.5.A+1
6,Display numerical data on histograms.,CCSS.MATH.CONTENT.6.SP.B.4+2
6,Interpret numerical data on histograms.,CCSS.MATH.CONTENT.6.SP.B.4+4
6,Display numerical data on box plots.,CCSS.MATH.CONTENT.6.SP.B.4+3
6,Interpret median and interquartile range,CCSS.MATH.CONTENT.6.SP.B.4+5
6,"Interpret and analyze data presented in tables, charts, and graphs to solve problems involving measures of center, frequency, and percentages.",CCSS.MATH.CONTENT.6.SP.A.3+3
6,"Interpret charts and graphs to find mean, median, mode, and range.",CCSS.MATH.CONTENT.6.SP.B.5.C+2
6,"Identify samples that are representative, random or biased.",CCSS.MATH.CONTENT.6.SP.A.2+1
6,Recognize that a measure of center for a numerical data set summarizes all of its values with a single number.,CCSS.MATH.CONTENT.6.SP.A.3+1
6,Recognize that a measure of variation describes how its values vary with a single number.,CCSS.MATH.CONTENT.6.SP.A.3+2
6,Calculate the surface area of pyramids.,CCSS.MATH.CONTENT.6.G.A.4+4
7,"Classify numbers as rational, whole, integers.",CCSS.MATH.CONTENT.7.NS.A.2.D+1
7,Convert fractions to decimals using long division.,CCSS.MATH.CONTENT.7.NS.A.2.D+2
7,"Describe situations in which opposite quantities combine to make 0. ",CCSS.MATH.CONTENT.7.NS.A.1.A+1
7,Solve mathematical problems that involve adding integers.,CCSS.MATH.CONTENT.7.NS.A.1.D+1
7,Solve mathematical problems that involve adding rational numbers.,CCSS.MATH.CONTENT.7.NS.A.1.D+2
7,Solve mathematical problems that involve subtracting integers.,CCSS.MATH.CONTENT.7.NS.A.1.D+3
7,Solve mathematical problems that involve subtracting rational numbers.,CCSS.MATH.CONTENT.7.NS.A.1.D+4
7,Solve real-world problems that involve and adding and subtracting rational numbers including integers.,CCSS.MATH.CONTENT.7.NS.A.1.D+5
7,Solve mathematical problems by multiplying integers.,CCSS.MATH.CONTENT.7.NS.A.2.C+1
7,Solve mathematical problems by multiplying rational numbers.,CCSS.MATH.CONTENT.7.NS.A.2.C+2
7,Solve mathematical problems involving dividing integers.,CCSS.MATH.CONTENT.7.NS.A.2.C+3
7,Solve mathematical problems involving dividing rational numbers.,CCSS.MATH.CONTENT.7.NS.A.2.C+4
7,Solve real-world problems that involve multiplying and dividing rational numbers including integers.,CCSS.MATH.CONTENT.7.NS.A.2.C+5
7,Identify multiple expressions to represent a situation.,CCSS.MATH.CONTENT.7.EE.A.2+1
7,Solve multi-step word problems.,CCSS.MATH.CONTENT.7.EE.B.3+1
7,"Evaluate expressions using order of operation with rational numbers, including integers.",CCSS.MATH.CONTENT.7.NS.A.3+1
7,"Evaluate expressions with variables, given values to substitute for the variables.",CCSS.MATH.CONTENT.7.EE.B.3+2
7,Simplify linear expressions.,CCSS.MATH.CONTENT.7.EE.A.1+1
7,Use the distributive property with linear expressions.,CCSS.MATH.CONTENT.7.EE.A.1+4
7,Add linear expressions.,CCSS.MATH.CONTENT.7.EE.A.1+2
7,Subtract linear expressions.,CCSS.MATH.CONTENT.7.EE.A.1+3
7,Factor linear expressions.,CCSS.MATH.CONTENT.7.EE.A.1+5
7,Solve two step equations.,CCSS.MATH.CONTENT.7.EE.B.4.A+1
7,Solve word problems that involve two step equations.,CCSS.MATH.CONTENT.7.EE.B.4.A+2
7,Solve one-step inequalities.,CCSS.MATH.CONTENT.7.EE.B.4.B+1
7,Solve word problems that involve one-step inequalities.,CCSS.MATH.CONTENT.7.EE.B.4.B+2
7,Solve two-step inequalities.,CCSS.MATH.CONTENT.7.EE.B.4.B+3
7,Identify the constant of proportionality in graphs.,CCSS.MATH.CONTENT.7.RP.A.2.B+2
7,Solve word problems that involve two-step inequalities.,CCSS.MATH.CONTENT.7.EE.B.4.B+4
7,Graph the solution sets of inequalities on a number line and interpret the graphed solution in the context of the problem.,CCSS.MATH.CONTENT.7.EE.B.4.B+5
7,Compute unit rates from ratios involving fractions.,CCSS.MATH.CONTENT.7.RP.A.1+1
7,Determine if two quantities represented in a table are in a proportional relationship.,CCSS.MATH.CONTENT.7.RP.A.2.A+2
7,Determine if two quantities represented in a graph are in a proportional relationship.,CCSS.MATH.CONTENT.7.RP.A.2.A+3
7,Identify the constant of proportionality in tables.,CCSS.MATH.CONTENT.7.RP.A.2.B+1
7,Identify the constant of proportionality in equations.,CCSS.MATH.CONTENT.7.RP.A.2.B+3
7,"Represent proportional relationships by equations. For example, if total cost t is proportional to the number n of items purchased at a constant price p, the relationship between the total cost and the number of items can be expressed as t = pn.",CCSS.MATH.CONTENT.7.RP.A.2.C+1
7,Solve mathematical proportions.,CCSS.MATH.CONTENT.7.RP.A.3+1
7,Write and solve proportions in real-world context.,CCSS.MATH.CONTENT.7.RP.A.3+2
7,Interpreting coordinate points on graphs.,CCSS.MATH.CONTENT.7.RP.A.2.D+1
7,Solve problems involving computing actual lengths and areas from a scale drawing.,CCSS.MATH.CONTENT.7.G.A.1+2
7,Solve problems involving computing perimeter or areas from a scale drawing.,CCSS.MATH.CONTENT.7.G.A.1+3
7,Solve percent of change problems.,CCSS.MATH.CONTENT.7.RP.A.3+5
7,Solve percent error problems.,CCSS.MATH.CONTENT.7.RP.A.3+6
7,"Solve discount problems involving original price, discount percentage, discount amount, and sale price",CCSS.MATH.CONTENT.7.RP.A.3+7
8,Graph functions.,CCSS.MATH.CONTENT.8.F.A.3+1
7,"Solve markup problems involving cost, markup percentage, markup amount, and selling price",CCSS.MATH.CONTENT.7.RP.A.3+8
7,Compare pricing options to determine the better deal or value,CCSS.MATH.CONTENT.7.RP.A.3+9
7,"Solve complex pricing problems involving multiple discounts, markups, taxes, or combinations",CCSS.MATH.CONTENT.7.RP.A.3+10
7,Solve problems using simple interest.,CCSS.MATH.CONTENT.7.RP.A.3+11
7,Solve mathematical problems related to the volume of three-dimensional objects.,CCSS.MATH.CONTENT.7.G.B.6+4
7,Use probability and relative frequency to describe the likelihood of an event.,CCSS.MATH.CONTENT.7.SP.C.5+1
7,Differentiate between experimental and theoretical probability.,CCSS.MATH.CONTENT.7.SP.C.5+2
7,Find theoretical probability.,CCSS.MATH.CONTENT.7.SP.C.5+3
7,Make predictions using theoretical proability.,CCSS.MATH.CONTENT.7.SP.C.6+3
7,Solve real-world problems related to the volume of three-dimensional objects.,CCSS.MATH.CONTENT.7.G.B.6+5
7,This overlaps with 7.SP.6,CCSS.MATH.CONTENT.7.SP.C.7.B+1
7,Find experiemental probability.,CCSS.MATH.CONTENT.7.SP.C.6+1
7,Make predictions using experimental proability.,CCSS.MATH.CONTENT.7.SP.C.6+2
7,Model real-life random selections by assigning equal probability to each outcome and calculate the probability of specified individuals or groups being chosen.,CCSS.MATH.CONTENT.7.SP.C.7.A+1
7,Find the probability of something NOT happening.,CCSS.MATH.CONTENT.7.SP.C.7.A+2
8,Solve real-world problems by writing and solving equations in one variable.,CCSS.MATH.CONTENT.8.EE.C.7.B+2
7,Find the total number of possible outcomes for two or more events.,CCSS.MATH.CONTENT.7.SP.C.8.B+1
7,Create lists that represent the sample space of compound events.,CCSS.MATH.CONTENT.7.SP.C.8.B+2
7,"Create tables to systematically organize and represent sample spaces for compound events, clearly displaying all possible outcomes.",CCSS.MATH.CONTENT.7.SP.C.8.B+3
7,"Use tree diagrams to visually represent the sample space of compound events, breaking down the event into component outcomes.",CCSS.MATH.CONTENT.7.SP.C.8.B+4
7,Find the probability of independent compound events.,CCSS.MATH.CONTENT.7.SP.C.8.A+1
7,Find the probability of dependent compound events.,CCSS.MATH.CONTENT.7.SP.C.8.A+2
7,"Design and use a simulation to generate frequencies for compound events. For example, use random digits as a simulation tool to approximate the answer to the question: If 40% of donors have type A blood, what is the probability that it will take at least 4 donors to find one with type A blood?  ",CCSS.MATH.CONTENT.7.SP.C.8.C+1
7,Determine the population and sample in a study or experiment.,CCSS.MATH.CONTENT.7.SP.A.1+1
8,Evaluate powers with negative or zero exponents by applying the rules for these cases.,CCSS.MATH.CONTENT.8.EE.A.1+1
7,"Classify samples as representative, random, or biased.",CCSS.MATH.CONTENT.7.SP.A.1+2
7,Utilize data from a random sample to make informed inferences about a population characteristic that is not directly known.,CCSS.MATH.CONTENT.7.SP.A.2+1
7,"Informally assess the degree of visual overlap of two numerical data distributions with similar variabilities, measuring the difference between the centers by expressing it as a multiple of a measure of variability.",CCSS.MATH.CONTENT.7.SP.B.3+1
7,Use measures of center and measures of variability for numerical data from random samples to draw informal comparative inferences about two populations.,CCSS.MATH.CONTENT.7.SP.B.4+1
7,Identify the parts of a circle.,CCSS.MATH.CONTENT.7.G.B.4+1
7,Apply the formulas for the area of a circle to solve a variety of mathematical problems.,CCSS.MATH.CONTENT.7.G.B.4+2
7,Apply the formulas for the circumference of a circle to solve a variety of mathematical problems.,CCSS.MATH.CONTENT.7.G.B.4+3
7,Solving real world problems with area and circumference.,CCSS.MATH.CONTENT.7.G.B.4+4
7,"Identify complementary, supplementary, vertical and adjacent angles.",CCSS.MATH.CONTENT.7.G.B.5+1
7,"Find the measures of complementary, supplementary, vertical and adjacent angles.",CCSS.MATH.CONTENT.7.G.B.5+2
7,Recognize and explain why certain combinations of three measures do not form a triangle.,CCSS.MATH.CONTENT.7.G.A.2+3
7,"Describe cross-sections of prisms, pyramids, cylinders and cones.",CCSS.MATH.CONTENT.7.G.A.3+1
7,Find the area of compound figures.,CCSS.MATH.CONTENT.7.G.B.6+1
7,Solve mathematical problems involving the surface area of three-dimensional objects.,CCSS.MATH.CONTENT.7.G.B.6+2
7,Solve real-world problems involving the surface area of three-dimensional objects.,CCSS.MATH.CONTENT.7.G.B.6+3
7,null,CCSS.MATH.CONTENT.7.NS.A.2.A+1
7,null,CCSS.MATH.CONTENT.7.NS.A.2.B+1
7,null,CCSS.MATH.CONTENT.7.NS.A.1.C+1
7,null,CCSS.MATH.CONTENT.7.NS.A.1.B+1
8,Identify the translation of a geomtetric figure.,CCSS.MATH.CONTENT.8.G.A.3+4
8,"Multiply and divide powers with integer bases, following the appropriate exponent rules.",CCSS.MATH.CONTENT.8.EE.A.1+2
8,Apply the power of a power rule to simplify expressions involving exponents.,CCSS.MATH.CONTENT.8.EE.A.1+3
8,"Evaluate or simplify operations with exponents, including multiplication, division, and powers raised to other power.",CCSS.MATH.CONTENT.8.EE.A.1+4
8,Identify and simplify equivalent expressions involving exponents using exponent rules.,CCSS.MATH.CONTENT.8.EE.A.1+6
8,Convert between scientific and standard notation.,CCSS.MATH.CONTENT.8.EE.A.3+1
8,Add or subtract two numbers that are in scientific notation.,CCSS.MATH.CONTENT.8.EE.A.4+2
8,"Given two congruent figures, describe a sequence of rotations, reflections, and translations that exhibits the congruence between them.",CCSS.MATH.CONTENT.8.G.A.2+2
8,Multiply or divide two numbers that are in scientific notation.,CCSS.MATH.CONTENT.8.EE.A.4+3
8,Compare numbers in scientific notation.,CCSS.MATH.CONTENT.8.EE.A.4+4
8,"Identify congruent figures, and use them to solve for missing sides and angles",CCSS.MATH.CONTENT.8.G.A.2+4
8,"Identify similar figures, and use them to solve for missing sides and angles, and differentiate them from congruent figures.",CCSS.MATH.CONTENT.8.G.A.2+3
8,Identify geometric transformations on a coordinate plane.,CCSS.MATH.CONTENT.8.G.A.2+1
8,Identify the dilation of a geometric figure using a given scale factor and center of dilation on a coordinate plane.,CCSS.MATH.CONTENT.8.G.A.3+1
8,Identify the reflection of a geomtetric figure.,CCSS.MATH.CONTENT.8.G.A.3+2
8,Identify the rotation of a geomtetric figure.,CCSS.MATH.CONTENT.8.G.A.3+3
8,Identify a mising angle in a triangle.,CCSS.MATH.CONTENT.8.G.A.5+1
8,Intentify an angle exterior to a triangle.,CCSS.MATH.CONTENT.8.G.A.5+2
8,Understand the angle-angle criterion for similarity of triangles.,CCSS.MATH.CONTENT.8.G.A.5+3
8,"Identify parts of two parallel lines cut by a transversal including vertical angle, alternate interior angles, alternate exterior angles.",CCSS.MATH.CONTENT.8.G.A.5+4
8,Solve problems involving relationships between the angles created by parallel lines cut by a transversal.,CCSS.MATH.CONTENT.8.G.A.5+5
8,Identify whether or not a mathematical relation is a function.,CCSS.MATH.CONTENT.8.F.A.1+1
8,Identify whether or not a function is linear.,CCSS.MATH.CONTENT.8.F.A.3+2
8,"Identify whether a graph is increasing, decreasing or constant.",CCSS.MATH.CONTENT.8.F.B.4+1
8,Sketch a graph that exhibits verbally described qualitative features.,CCSS.MATH.CONTENT.8.F.B.5+1
8,Find the constant of proportionality.,CCSS.MATH.CONTENT.8.EE.B.5+1
8,Graph proportional relationships.,CCSS.MATH.CONTENT.8.EE.B.5+2
8,"Write an equation, y = mx, for a line through the origin.",CCSS.MATH.CONTENT.8.EE.B.6+4
8,"Compare two different proportional relationships represented in different ways (tables, equations and graphs).",CCSS.MATH.CONTENT.8.EE.B.5+3
8,Find the slope of a linear function from a graph.,CCSS.MATH.CONTENT.8.EE.B.6+1
8,Find the slope of a linear function from two points.,CCSS.MATH.CONTENT.8.EE.B.6+2
8,Use similar triangles to explain why the slope m is the same between any two distinct points on a non-vertical line in the coordinate plane by making the distance between the points the hypotenuse of a right triangle and solving for the ratio of the vertical leg to the horizontal leg.,CCSS.MATH.CONTENT.8.EE.B.6+3
8,Find the slope or the intercept from slope-intercept form.,CCSS.MATH.CONTENT.8.EE.B.6+5
8,Graph a line in slope-intercept form.,CCSS.MATH.CONTENT.8.F.B.4+8
8,Graph a line in slope-intercept form in real world context.,CCSS.MATH.CONTENT.8.F.B.4+10
8,Write an equation in slope-intercept from (y = mx + b) for a graph of a line intercepting the vertical axis at b.,CCSS.MATH.CONTENT.8.F.B.4+13
8,Write an equation for a linear function from a table.,CCSS.MATH.CONTENT.8.F.B.4+14
8,"Analyze real-world linear situations to determine the rate of change and initial value, and explain the meaning of each quantity in context.",CCSS.MATH.CONTENT.8.F.B.4+12
8,Write an equation for a linear function of a graph with real world context.,CCSS.MATH.CONTENT.8.F.B.4+11
8,Graph a line in standard form.,CCSS.MATH.CONTENT.8.F.B.4+9
8,"Compare properties of two functions, each represented in a different way.",CCSS.MATH.CONTENT.8.F.A.2+1
8,Solve linear equations including multi-step equations with the same variable on both sides,CCSS.MATH.CONTENT.8.EE.C.7.B+1
8,"Solve linear equations in one variable as having one solution, infinitely many solutions, or no solutions.",CCSS.MATH.CONTENT.8.EE.C.7.A+1
8,"Solve linear equations with rational number coefficients, including equations whose solutions require expanding expressions using the distributive property and collecting like terms",CCSS.MATH.CONTENT.8.EE.C.7.B+3
8,"Understand that solutions to a system of two linear equations in two variables correspond to points of intersection of their graphs, because points of intersection satisfy both equations simultaneously.",CCSS.MATH.CONTENT.8.EE.C.8.A
8,Create scatter plots,CCSS.MATH.CONTENT.8.SP.A.1+1
8,Solve systems of two linear equations by graphing.,CCSS.MATH.CONTENT.8.EE.C.8.B+1
8,Solve systems of two linear equations in two variables using substitution.,CCSS.MATH.CONTENT.8.EE.C.8.B+2
8,Solve systems of two linear equations in two variables by using Elimination.,CCSS.MATH.CONTENT.8.EE.C.8.B+3
8,"Solve real-world problems leading to two linear equations in two variables. ",CCSS.MATH.CONTENT.8.EE.C.8.C+1
8,Determine whether a number is rational or irrational.,CCSS.MATH.CONTENT.8.NS.A.1+1
8,Convert a decimal expansion which repeats eventually into a rational number.,CCSS.MATH.CONTENT.8.NS.A.1+2
8,Estimate positive and negative square roots.,CCSS.MATH.CONTENT.8.NS.A.2+1
8,Graph irrational numbers on the number line.,CCSS.MATH.CONTENT.8.NS.A.2+2
8,Compare rational and irrational numbers.,CCSS.MATH.CONTENT.8.NS.A.2+3
8,Order rational and irrational numbers.,CCSS.MATH.CONTENT.8.NS.A.2+4
8,Use rational approximations of irrational numbers to calculate and approximate expressions involving irrational numbers.,CCSS.MATH.CONTENT.8.NS.A.2+5
8,Evaluate square roots of small perfect squares.,CCSS.MATH.CONTENT.8.EE.A.2+1
8,"Use square root symbols to represent solutions to equations of the form x^2 = p, where p is a positive rational number.",CCSS.MATH.CONTENT.8.EE.A.2+3
8,Identify rational and irrational square roots.,CCSS.MATH.CONTENT.8.EE.A.2+5
8,Evaluate cube roots of small perfect cubes.,CCSS.MATH.CONTENT.8.EE.A.2+2
8,"Use cube root symbols to represent solutions to equations of the form x^3 = p, where p is a positive rational number. ",CCSS.MATH.CONTENT.8.EE.A.2+4
8,Use the Pythagorean Theorem and its converse.,CCSS.MATH.CONTENT.8.G.B.6+1
8,Solve real-world problems using the Pythagorean Theorem in two dimensions.,CCSS.MATH.CONTENT.8.G.B.7+1
8,Apply the Pythagorean Theorem to find the distance between two points in a coordinate system where the unknown distance between the points is the hypotenuse.,CCSS.MATH.CONTENT.8.G.B.8+1
8,Use the Pythagorean Theorem to find the hypotenuse of one of the legs of a right triangle in a three dimensional shape.,CCSS.MATH.CONTENT.8.G.B.7+2
8,Solve real-world problems using the Pythagorean Theorem in three dimensions.,CCSS.MATH.CONTENT.8.G.B.7+3
8,Apply the formulas for the volume of 3D shapes to solve mathematical problems.,CCSS.MATH.CONTENT.8.G.C.9+1
8,Apply the formulas for the volume of 3D shapes to solve real-world problems.,CCSS.MATH.CONTENT.8.G.C.9+2
8,Apply the formulas for volume of 3D shapes to find the volume of composite shapes.,CCSS.MATH.CONTENT.8.G.C.9+3
8,"For scatter plots of bivariate measurement data, identify patterns of clustering. ",CCSS.MATH.CONTENT.8.SP.A.1+2
8,"For scatter plots of bivariate measurement data, identify outliers.",CCSS.MATH.CONTENT.8.SP.A.1+3
8,"For scatter plots of bivariate measurement data, identify whether there exists a positive, negative or no association, and whether there is a linear or nonlinear association.",CCSS.MATH.CONTENT.8.SP.A.1+4
8,Write an equation for the line of best fit for a scatterplot.,CCSS.MATH.CONTENT.8.SP.A.2+1
8,Use the equation of a linear model to solve problems in the context of bivariate measurement data. Interpret the significance of the slope and intercept in the context of the problem.,CCSS.MATH.CONTENT.8.SP.A.3+1
8,Interpret data on a two-way table.,CCSS.MATH.CONTENT.8.SP.A.4+1
8,Create two way tables to represent data.,CCSS.MATH.CONTENT.8.SP.A.4+2
8,Interpret a two-way table to determine probability.,CCSS.MATH.CONTENT.8.SP.A.4+3